<?xml version="1.0" encoding="utf-8"?>
<resources xmlns:tools="http://schemas.android.com/tools" tools:ignore="ResourceName">
    <string name="main_discover">Discover</string>
    <string name="main_shorts">Shorts</string>
    <string name="main_my_list">My List</string>
    <string name="main_profile">Profile</string>
    <string name="common_Success">Success</string>
    <string name="common_Error">Error</string>
    <string name="common_Submit">Submit</string>
    <string name="common_Cancel">Cancel</string>
    <string name="common_Confirm">Confirm</string>
    <string name="common_Play">Play</string>
    <string name="common_Later">Later</string>
    <string name="common_Agree">Agree</string>
    <string name="common_Quit">Quit</string>
    <string name="more">More</string>
    <string name="less">Less</string>
    <string name="profile_title">Profile</string>
    <string name="profile_list">My List</string>
    <string name="profile_language">Language</string>
    <string name="profile_feedback">FeedBack</string>
    <string name="profile_terms">Terms of Service</string>
    <string name="profile_privacy">Privacy Policy</string>
    <string name="profile_clean">Clear Cache</string>
    <string name="profile_uid" formatted="false">UID:%s</string>
    <string name="profile_dialog_feedback_title">FeedBack</string>
    <string name="profile_dialog_feedback_hint_content">Please fill your feedback</string>
    <string name="profile_dialog_feedback_hint_email">Phone Email</string>
    <string name="profile_dialog_language_title">Language</string>
    <string name="profile_dialog_language_confirm_title" formatted="false">Switch %s</string>
    <string name="profile_list_item_ep" formatted="false">EP.%s</string>
    <string name="discover_detail_ep" formatted="false">EP.%s | EP.%s</string>
    <string name="discover_type4_loading">Loading…</string>
    <string name="list_tab_history">History</string>
    <string name="shorts_watch_full_drama">Watch Full Drama</string>
    <string name="shorts_list">List</string>
    <string name="shorts_guess_you_like">Guess you like</string>
    <string name="privacy_title">
User Agreement and
Privacy Policy
</string>
    <string name="privacy_content_1">Privacy Policy</string>
    <string name="privacy_content_2">To provide you with a personalized short drama experience, we may collect some necessary information, but we highly value your privacy. Before using our app, please take a moment to review our</string>
    <string name="privacy_content_3">, especially the following:
1. How we collect, store, use, share, and protect your personal information, as well as your rights and options as a user;
2. Our limited liability and disclaimer terms.
You can withdraw your consent at any time. For details on how to do this, please refer to our</string>
    <string name="privacy_content_4">Click here to view the full</string>
    <string name="privacy_content_5">and</string>
    <string name="privacy_content_6">Terms of Use</string>
    <string name="empty">Empty</string>
    <string name="no_more_data">No more data</string>
    <string name="unlock_ep_title" formatted="false">Watch Ads to\n Unlock %1$d Episodes</string>
    <string name="unlock_all_ep_title" formatted="false">Watch %d Ads to\n unlock all episodes of this series</string>
    <string name="watch_now">Watch Now</string>
    <string name="common_FREE">FREE</string>
    <string name="unlock_full_series">Unlock Full Series</string>
    <string name="unlock_this_ep">Unlock This Episode</string>
    <string name="unlock_toast_tips" formatted="false">Please unlock episode %d firstly.</string>
    <string name="ad_not_ready">Ad loading, please try again after a few seconds</string>
    <string name="watch_in_order_toast">Watch in order, the earlier episodes are more exciting!</string>
    <string name="change_resolution_title">Definition</string>
    <string name="push_free">Free</string>
    <string name="push_button">Watch Now</string>
    <string name="preferences_tag_male">Male Channel</string>
    <string name="preferences_tag_female">Female Channel</string>
    <string name="preferences_tag_urban">Urban</string>
    <string name="preferences_tag_ancient">Ancient</string>
    <string name="preferences_tag_rebirth">Rebirth</string>
    <string name="preferences_tag_sweetpet">Sweet Pet</string>
    <string name="common_Skip">Skip</string>
    <string name="full_ranking">Full Ranking</string>
    <string name="common_All">All</string>
    <string name="preferences_title">Tailor your episode recommendations</string>
    <string name="preferences_language_title">Language of drama</string>
    <string name="preferences_pick_tag">Content of drama</string>
    <string name="common_Complete">Complete</string>
    <string name="get_now">Get Now!</string>
    <string name="score_title">How would you rate our app?</string>
    <string name="score_desc">5 stars will make us better</string>
    <string name="not_now">Not now</string>
    <string name="rate_first">Please rate first</string>
    <string name="thanks_support">Thank you for your support</string>
    <string name="webview_title">Play games to get rewards</string>
    <string name="search_hint">Please enter search terms</string>
    <string name="search_history">History search</string>
    <string name="search_hot_title">Trending list</string>
    <string name="search_result_empty">No relevant drama found</string>
    <string name="webview_reward_toast" formatted="false">Wait for %s seconds to get reward</string>
    <string name="splash_loading">Hot drama is loading</string>
    <string name="activity_rewards">Activity rewards</string>
    <string name="common_Left">Left</string>
    <string name="lucky_draw_rule_title">Game Rules</string>
    <string name="lucky_draw_rule_question_1">1. How to Earn Lottery Chances:</string>
    <string name="lucky_draw_rule_answer_1_1">Watch short drama videos to accumulate "Lucky Draw" chances based on your viewing duration.</string>
    <string name="lucky_draw_rule_answer_1_2">You can earn up to 2 chances per episode. Once the limit is reached, switch to a new episode to continue earning.</string>
    <string name="lucky_draw_rule_question_2">2. How to Participate in the Lottery:</string>
    <string name="lucky_draw_rule_answer_2_1">Click the "Draw" button on the event page. Each draw consumes 1 lottery chance.</string>
    <string name="lucky_draw_rule_answer_2_2">There are no daily limits on the number of draws.</string>
    <string name="lucky_draw_rule_question_3">3. Prizes and Shard Mechanism:</string>
    <string name="lucky_draw_rule_answer_3_1">Prizes include Apple Watch S10, AirPods Pro 2, iPad Pro, and more.</string>
    <string name="lucky_draw_rule_answer_3_2">Each draw may randomly grant prize shards. Collect the required number of shards to unlock the corresponding prize.</string>
    <string name="lucky_draw_rule_shipping_desc">International Shipping Instructions</string>
    <string name="lucky_draw_rule_shipping_question_1">1. Prize Redemption and Shipping Process:</string>
    <string name="lucky_draw_rule_shipping_answer_1_1">Once you collect all the shards for a prize, the system will generate a redemption notification.</string>
    <string name="lucky_draw_rule_shipping_answer_1_2">Submit your personal details and shipping address to redeem your prize.</string>
    <string name="lucky_draw_rule_shipping_answer_1_3">Ensure your address and contact information are accurate to avoid delivery issues.</string>
    <string name="lucky_draw_rule_shipping_question_2">2. Supported Shipping Regions:</string>
    <string name="lucky_draw_rule_shipping_answer_2_1">Prizes are eligible for international shipping, covering most countries and regions.</string>
    <string name="lucky_draw_rule_shipping_answer_2_2">Certain areas may have logistical restrictions. Refer to the shipping prompt for specific details.</string>
    <string name="lucky_draw_rule_shipping_question_3">3. Shipping Time and Costs:</string>
    <string name="lucky_draw_rule_shipping_answer_3_1">Prizes are processed within 7 business days after submitting a redemption request.</string>
    <string name="lucky_draw_rule_shipping_answer_3_2">Delivery times vary by destination, typically taking 10-30 business days.</string>
    <string name="lucky_draw_rule_shipping_answer_3_3">Free Shipping: All prizes are shipped free of charge during the event period.</string>
    <string name="lucky_draw_rule_special_disclaimer_title">Special Disclaimer</string>
    <string name="lucky_draw_rule_special_disclaimer_1">This event is independently organized by the platform and is not affiliated with Google Inc. or Apple Inc..</string>
    <string name="lucky_draw_rule_special_disclaimer_2">All event content and prize distribution are managed solely by the platform.</string>
    <string name="watch_more_dramas">Watch more dramas to earn draws.</string>
    <string name="get_reward">Get Reward</string>
    <string name="super_draw">SUPER DRAW</string>
    <string name="draw">DRAW</string>
    <string name="lucky_draw">Lucky Draw</string>
    <string name="discover_tags_dialog_type">Type</string>
    <string name="discover_tags_dialog_interest">Interest</string>
    <string name="common_Reset">Reset</string>
    <string name="luckydraw_take_failed">Parameter error, please correct and try again!</string>
    <string name="luckydraw_take_failed_sorry">Sorry, no win</string>
    <string name="continue_watching">Continue Watching</string>
    <string name="play_now">Play Now</string>
    <string name="common_Magic">Magic</string>
    <string name="common_Episodes">Episodes</string>
    <string name="main_task">Task</string>
    <string name="redeem_title">Redeem</string>
    <string name="redeem_balance">Balance</string>
    <string name="reddem_gear_title">Gear Position</string>
    <string name="redeem_not_enough">Not enough balance</string>
    <string name="redeem_account">Please enter your account:</string>
    <string name="redeem_name">Please enter the payee name:</string>
    <string name="redeem_phone">Please enter the payee\'s phone number:</string>
    <string name="redeem_hint">Please enter</string>
    <string name="redeem_account_error_hint">Account number must be 4–99 characters.</string>
    <string name="redeem_name_error_hint">Name must be 2–50 letters.</string>
    <string name="redeem_phone_error_hint">Phone number must be 6–20 digits.</string>
    <string name="redeem_final_title" formatted="false">There are currently many users applying. The system is processing requests in a queue. Watch %s videos to speed up your withdrawal!</string>
    <string name="redeem_paying_desc" formatted="false">Your withdrawal application has been submitted and is expected to arrive within %s working days. Please wait patiently.</string>
    <string name="redeem_paying_title">Withdrawal has been submitted</string>
    <string name="redeem_daily_limit" formatted="false">You’ve reached the daily limit of %s videos. Please rest and come back tomorrow.</string>
    <string name="sign_in">Check In</string>
    <string name="sign_in_uppercase">CHECK IN</string>
    <string name="income">Income</string>
    <string name="Day">Day</string>
    <string name="common_Receive">Receive</string>
    <string name="common_Congratulations">Congratulations</string>
    <string name="common_Income">Income</string>
    <string name="watch_ads">Watch Ads</string>
    <string name="watch_video_task" formatted="false">Watch %d-EP drama</string>
    <string name="common_Watch">Watch</string>
    <string name="common_GET">GET</string>
    <string name="common_DNOE">DNOE</string>
    <string name="task_redeem_guide">Coins can be redeemed for cash! Click here!</string>
    <string name="common_GO">GO</string>
    <string name="common_OPEN">OPEN</string>
    <string name="sign_in_day" formatted="false">Day%d</string>
    <string name="main_game">Game</string>
    <string name="game_center">Game Center</string>
    <string name="lucky_wheel">Lucky Wheel</string>
    <string name="lucky_slots">Lucky Slots</string>
    <string name="accelerating">Accelerating...</string>
    <string name="free_draw_tips" formatted="false">Back to %d free draws tomorrow</string>
    <string name="common_SPIN">SPIN</string>
    <string name="game_stage_reward_title">Mystery Reward</string>
</resources>